"Type";"PolicyName";"PolicyId";"PolicyVersion";"PolicyScope";"PolicyScopeId";"ALZPolicyName";"ALZVersion";"ALZState";"InTenant";"DetectedBy";"AzAdvertizerUrl"
"Policy";"Append-AppService-httpsonly";"/providers/microsoft.management/managementgroups/alz/providers/microsoft.authorization/policydefinitions/append-appservice-httpsonly";"1.0.0";"Mg";"alz";"Append-AppService-httpsonly";"1.0.0";"upToDate";"True";"Policy Name";"https://www.azadvertizer.net/azpolicyadvertizer/Append-AppService-httpsonly.html"
"Policy";"Append-AppService-latestTLS";"/providers/microsoft.management/managementgroups/alz/providers/microsoft.authorization/policydefinitions/append-appservice-latesttls";"1.2.0";"Mg";"alz";"Append-AppService-latestTLS";"1.2.0";"upToDate";"True";"Policy Name";"https://www.azadvertizer.net/azpolicyadvertizer/Append-AppService-latestTLS.html"
"Policy";"Append-KV-SoftDelete";"/providers/microsoft.management/managementgroups/alz/providers/microsoft.authorization/policydefinitions/append-kv-softdelete";"1.0.0";"Mg";"alz";"Append-KV-SoftDelete";"1.0.0";"upToDate";"True";"Policy Name";"https://www.azadvertizer.net/azpolicyadvertizer/Append-KV-SoftDelete.html"
"Policy";"Append-Redis-disableNonSslPort";"/providers/microsoft.management/managementgroups/alz/providers/microsoft.authorization/policydefinitions/append-redis-disablenonsslport";"1.0.1";"Mg";"alz";"Append-Redis-disableNonSslPort";"1.0.1";"upToDate";"True";"Policy Name";"https://www.azadvertizer.net/azpolicyadvertizer/Append-Redis-disableNonSslPort.html"
"Policy";"Append-Redis-sslEnforcement";"/providers/microsoft.management/managementgroups/alz/providers/microsoft.authorization/policydefinitions/append-redis-sslenforcement";"1.1.0";"Mg";"alz";"Append-Redis-sslEnforcement";"1.1.0";"upToDate";"True";"Policy Name";"https://www.azadvertizer.net/azpolicyadvertizer/Append-Redis-sslEnforcement.html"
"Policy";"Audit-AzureHybridBenefit";"/providers/microsoft.management/managementgroups/alz/providers/microsoft.authorization/policydefinitions/audit-azurehybridbenefit";"1.0.0";"Mg";"alz";"Audit-AzureHybridBenefit";"1.0.0";"upToDate";"True";"PolicyRule Hash, Policy Name, MetaData Tag";"https://www.azadvertizer.net/azpolicyadvertizer/Audit-AzureHybridBenefit.html"
"Policy";"Audit-Disks-UnusedResourcesCostOptimization";"/providers/microsoft.management/managementgroups/alz/providers/microsoft.authorization/policydefinitions/audit-disks-unusedresourcescostoptimization";"1.0.0";"Mg";"alz";"Audit-Disks-UnusedResourcesCostOptimization";"1.0.0";"upToDate";"True";"Policy Name";"https://www.azadvertizer.net/azpolicyadvertizer/Audit-Disks-UnusedResourcesCostOptimization.html"
"Policy";"Audit-MachineLearning-PrivateEndpointId";"/providers/microsoft.management/managementgroups/alz/providers/microsoft.authorization/policydefinitions/audit-machinelearning-privateendpointid";"1.0.0";"Mg";"alz";"Audit-MachineLearning-PrivateEndpointId";"1.0.0";"upToDate";"True";"Policy Name";"https://www.azadvertizer.net/azpolicyadvertizer/Audit-MachineLearning-PrivateEndpointId.html"
"Policy";"Audit-PrivateLinkDnsZones";"/providers/microsoft.management/managementgroups/alz/providers/microsoft.authorization/policydefinitions/audit-privatelinkdnszones";"1.0.2";"Mg";"alz";"Audit-PrivateLinkDnsZones";"1.0.2";"upToDate";"True";"Policy Name";"https://www.azadvertizer.net/azpolicyadvertizer/Audit-PrivateLinkDnsZones.html"
"Policy";"Audit-PublicIpAddresses-UnusedResourcesCostOptimization";"/providers/microsoft.management/managementgroups/alz/providers/microsoft.authorization/policydefinitions/audit-publicipaddresses-unusedresourcescostoptimization";"1.1.0";"Mg";"alz";"Audit-PublicIpAddresses-UnusedResourcesCostOptimization";"1.1.0";"upToDate";"True";"Policy Name";"https://www.azadvertizer.net/azpolicyadvertizer/Audit-PublicIpAddresses-UnusedResourcesCostOptimization.html"
"Policy";"Audit-ServerFarms-UnusedResourcesCostOptimization";"/providers/microsoft.management/managementgroups/alz/providers/microsoft.authorization/policydefinitions/audit-serverfarms-unusedresourcescostoptimization";"1.0.0";"Mg";"alz";"Audit-ServerFarms-UnusedResourcesCostOptimization";"1.0.0";"upToDate";"True";"Policy Name";"https://www.azadvertizer.net/azpolicyadvertizer/Audit-ServerFarms-UnusedResourcesCostOptimization.html"
"Policy";"Audit-Tags-Mandatory";"/providers/microsoft.management/managementgroups/alz/providers/microsoft.authorization/policydefinitions/audit-tags-mandatory";"1.0.0";"Mg";"alz";"Audit-Tags-Mandatory";"1.0.0";"upToDate";"True";"Policy Name";"https://www.azadvertizer.net/azpolicyadvertizer/Audit-Tags-Mandatory.html"
"Policy";"Audit-Tags-Mandatory-Rg";"/providers/microsoft.management/managementgroups/alz/providers/microsoft.authorization/policydefinitions/audit-tags-mandatory-rg";"1.1.0";"Mg";"alz";"Audit-Tags-Mandatory-Rg";"1.1.0";"upToDate";"True";"Policy Name";"https://www.azadvertizer.net/azpolicyadvertizer/Audit-Tags-Mandatory-Rg.html"
"PolicySet";"Audit-TrustedLaunch";"/providers/microsoft.management/managementgroups/alz/providers/microsoft.authorization/policysetdefinitions/audit-trustedlaunch";"1.1.0";"Mg";"alz";"Audit-TrustedLaunch";"1.1.0";"upToDate";"True";"PolicySet Name, MetaData Tag";"https://www.azadvertizer.net/azpolicyinitiativesadvertizer/Audit-TrustedLaunch.html"
"PolicySet";"Audit-UnusedResourcesCostOptimization";"/providers/microsoft.management/managementgroups/alz/providers/microsoft.authorization/policysetdefinitions/audit-unusedresourcescostoptimization";"2.1.0";"Mg";"alz";"Audit-UnusedResourcesCostOptimization";"2.1.0";"upToDate";"True";"PolicySet Name, MetaData Tag";"https://www.azadvertizer.net/azpolicyinitiativesadvertizer/Audit-UnusedResourcesCostOptimization.html"
"Policy";"Deny-AA-child-resources";"/providers/microsoft.management/managementgroups/alz/providers/microsoft.authorization/policydefinitions/deny-aa-child-resources";"1.0.0";"Mg";"alz";"Deny-AA-child-resources";"1.0.0";"upToDate";"True";"PolicyRule Hash, Policy Name, MetaData Tag";"https://www.azadvertizer.net/azpolicyadvertizer/Deny-AA-child-resources.html"
"Policy";"Deny-APIM-TLS";"/providers/microsoft.management/managementgroups/alz/providers/microsoft.authorization/policydefinitions/deny-apim-tls";"1.0.0";"Mg";"alz";"Deny-APIM-TLS";"1.0.0";"upToDate";"True";"Policy Name";"https://www.azadvertizer.net/azpolicyadvertizer/Deny-APIM-TLS.html"
"Policy";"Deny-AppGw-Without-Tls";"/providers/microsoft.management/managementgroups/alz/providers/microsoft.authorization/policydefinitions/deny-appgw-without-tls";"1.0.0";"Mg";"alz";"Deny-AppGw-Without-Tls";"1.0.0";"upToDate";"True";"Policy Name";"https://www.azadvertizer.net/azpolicyadvertizer/Deny-AppGw-Without-Tls.html"
"Policy";"Deny-AppGW-Without-WAF";"/providers/microsoft.management/managementgroups/alz/providers/microsoft.authorization/policydefinitions/deny-appgw-without-waf";"1.0.0";"Mg";"alz";"Deny-AppGW-Without-WAF";"1.0.0";"upToDate";"True";"Policy Name";"https://www.azadvertizer.net/azpolicyadvertizer/Deny-AppGW-Without-WAF.html"
"Policy";"Deny-AppService-without-BYOC";"/providers/microsoft.management/managementgroups/alz/providers/microsoft.authorization/policydefinitions/deny-appservice-without-byoc";"1.0.0";"Mg";"alz";"Deny-AppService-without-BYOC";"1.0.0";"upToDate";"True";"Policy Name";"https://www.azadvertizer.net/azpolicyadvertizer/Deny-AppService-without-BYOC.html"
"Policy";"Deny-AppServiceApiApp-http";"/providers/microsoft.management/managementgroups/alz/providers/microsoft.authorization/policydefinitions/deny-appserviceapiapp-http";"1.0.0";"Mg";"alz";"Deny-AppServiceApiApp-http";"1.0.0";"upToDate";"True";"Policy Name";"https://www.azadvertizer.net/azpolicyadvertizer/Deny-AppServiceApiApp-http.html"
"Policy";"Deny-AppServiceFunctionApp-http";"/providers/microsoft.management/managementgroups/alz/providers/microsoft.authorization/policydefinitions/deny-appservicefunctionapp-http";"1.0.0";"Mg";"alz";"Deny-AppServiceFunctionApp-http";"1.0.0";"upToDate";"True";"Policy Name";"https://www.azadvertizer.net/azpolicyadvertizer/Deny-AppServiceFunctionApp-http.html"
"Policy";"Deny-AppServiceWebApp-http";"/providers/microsoft.management/managementgroups/alz/providers/microsoft.authorization/policydefinitions/deny-appservicewebapp-http";"1.0.0";"Mg";"alz";"Deny-AppServiceWebApp-http";"1.0.0";"upToDate";"True";"Policy Name";"https://www.azadvertizer.net/azpolicyadvertizer/Deny-AppServiceWebApp-http.html"
"Policy";"Deny-AzFw-Without-Policy";"/providers/microsoft.management/managementgroups/alz/providers/microsoft.authorization/policydefinitions/deny-azfw-without-policy";"1.0.0";"Mg";"alz";"Deny-AzFw-Without-Policy";"1.0.0";"upToDate";"True";"Policy Name";"https://www.azadvertizer.net/azpolicyadvertizer/Deny-AzFw-Without-Policy.html"
"Policy";"Deny-CognitiveServices-NetworkAcls";"/providers/microsoft.management/managementgroups/alz/providers/microsoft.authorization/policydefinitions/deny-cognitiveservices-networkacls";"1.0.0";"Mg";"alz";"Deny-CognitiveServices-NetworkAcls";"1.0.0";"upToDate";"True";"Policy Name";"https://www.azadvertizer.net/azpolicyadvertizer/Deny-CognitiveServices-NetworkAcls.html"
"Policy";"Deny-CognitiveServices-Resource-Kinds";"/providers/microsoft.management/managementgroups/alz/providers/microsoft.authorization/policydefinitions/deny-cognitiveservices-resource-kinds";"1.0.0";"Mg";"alz";"Deny-CognitiveServices-Resource-Kinds";"1.0.0";"upToDate";"True";"Policy Name";"https://www.azadvertizer.net/azpolicyadvertizer/Deny-CognitiveServices-Resource-Kinds.html"
"Policy";"Deny-CognitiveServices-RestrictOutboundNetworkAccess";"/providers/microsoft.management/managementgroups/alz/providers/microsoft.authorization/policydefinitions/deny-cognitiveservices-restrictoutboundnetworkaccess";"1.0.0";"Mg";"alz";"Deny-CognitiveServices-RestrictOutboundNetworkAccess";"1.0.0";"upToDate";"True";"Policy Name";"https://www.azadvertizer.net/azpolicyadvertizer/Deny-CognitiveServices-RestrictOutboundNetworkAccess.html"
"Policy";"Deny-Databricks-NoPublicIp";"/providers/microsoft.management/managementgroups/alz/providers/microsoft.authorization/policydefinitions/deny-databricks-nopublicip";"1.0.0";"Mg";"alz";"Deny-Databricks-NoPublicIp";"1.0.0";"upToDate";"True";"Policy Name";"https://www.azadvertizer.net/azpolicyadvertizer/Deny-Databricks-NoPublicIp.html"
"Policy";"Deny-Databricks-Sku";"/providers/microsoft.management/managementgroups/alz/providers/microsoft.authorization/policydefinitions/deny-databricks-sku";"1.0.0";"Mg";"alz";"Deny-Databricks-Sku";"1.0.0";"upToDate";"True";"Policy Name";"https://www.azadvertizer.net/azpolicyadvertizer/Deny-Databricks-Sku.html"
"Policy";"Deny-Databricks-VirtualNetwork";"/providers/microsoft.management/managementgroups/alz/providers/microsoft.authorization/policydefinitions/deny-databricks-virtualnetwork";"1.0.0";"Mg";"alz";"Deny-Databricks-VirtualNetwork";"1.0.0";"upToDate";"True";"Policy Name";"https://www.azadvertizer.net/azpolicyadvertizer/Deny-Databricks-VirtualNetwork.html"
"Policy";"Deny-EH-minTLS";"/providers/microsoft.management/managementgroups/alz/providers/microsoft.authorization/policydefinitions/deny-eh-mintls";"1.1.2";"Mg";"alz";"Deny-EH-minTLS";"1.1.2";"upToDate";"True";"Policy Name";"https://www.azadvertizer.net/azpolicyadvertizer/Deny-EH-minTLS.html"
"Policy";"Deny-EH-Premium-CMK";"/providers/microsoft.management/managementgroups/alz/providers/microsoft.authorization/policydefinitions/deny-eh-premium-cmk";"1.0.0";"Mg";"alz";"Deny-EH-Premium-CMK";"1.0.0";"upToDate";"True";"Policy Name";"https://www.azadvertizer.net/azpolicyadvertizer/Deny-EH-Premium-CMK.html"
"Policy";"Deny-FileServices-InsecureAuth";"/providers/microsoft.management/managementgroups/alz/providers/microsoft.authorization/policydefinitions/deny-fileservices-insecureauth";"1.0.0";"Mg";"alz";"Deny-FileServices-InsecureAuth";"1.0.0";"upToDate";"True";"Policy Name";"https://www.azadvertizer.net/azpolicyadvertizer/Deny-FileServices-InsecureAuth.html"
"Policy";"Deny-FileServices-InsecureKerberos";"/providers/microsoft.management/managementgroups/alz/providers/microsoft.authorization/policydefinitions/deny-fileservices-insecurekerberos";"1.0.0";"Mg";"alz";"Deny-FileServices-InsecureKerberos";"1.0.0";"upToDate";"True";"Policy Name";"https://www.azadvertizer.net/azpolicyadvertizer/Deny-FileServices-InsecureKerberos.html"
"Policy";"Deny-FileServices-InsecureSmbChannel";"/providers/microsoft.management/managementgroups/alz/providers/microsoft.authorization/policydefinitions/deny-fileservices-insecuresmbchannel";"1.0.0";"Mg";"alz";"Deny-FileServices-InsecureSmbChannel";"1.1.0";"outDated";"True";"Policy Name";"https://www.azadvertizer.net/azpolicyadvertizer/Deny-FileServices-InsecureSmbChannel.html"
"Policy";"Deny-FileServices-InsecureSmbVersions";"/providers/microsoft.management/managementgroups/alz/providers/microsoft.authorization/policydefinitions/deny-fileservices-insecuresmbversions";"1.0.0";"Mg";"alz";"Deny-FileServices-InsecureSmbVersions";"1.1.0";"outDated";"True";"Policy Name";"https://www.azadvertizer.net/azpolicyadvertizer/Deny-FileServices-InsecureSmbVersions.html"
"Policy";"Deny-LogicApp-Public-Network";"/providers/microsoft.management/managementgroups/alz/providers/microsoft.authorization/policydefinitions/deny-logicapp-public-network";"1.0.0";"Mg";"alz";"Deny-LogicApp-Public-Network";"1.0.0";"upToDate";"True";"Policy Name";"https://www.azadvertizer.net/azpolicyadvertizer/Deny-LogicApp-Public-Network.html"
"Policy";"Deny-LogicApps-Without-Https";"/providers/microsoft.management/managementgroups/alz/providers/microsoft.authorization/policydefinitions/deny-logicapps-without-https";"1.0.0";"Mg";"alz";"Deny-LogicApps-Without-Https";"1.0.0";"upToDate";"True";"Policy Name";"https://www.azadvertizer.net/azpolicyadvertizer/Deny-LogicApps-Without-Https.html"
"Policy";"Deny-MachineLearning-Aks";"/providers/microsoft.management/managementgroups/alz/providers/microsoft.authorization/policydefinitions/deny-machinelearning-aks";"1.0.0";"Mg";"alz";"Deny-MachineLearning-Aks";"1.0.0";"upToDate";"True";"Policy Name";"https://www.azadvertizer.net/azpolicyadvertizer/Deny-MachineLearning-Aks.html"
"Policy";"Deny-MachineLearning-Compute-SubnetId";"/providers/microsoft.management/managementgroups/alz/providers/microsoft.authorization/policydefinitions/deny-machinelearning-compute-subnetid";"1.0.0";"Mg";"alz";"Deny-MachineLearning-Compute-SubnetId";"1.0.0";"upToDate";"True";"Policy Name";"https://www.azadvertizer.net/azpolicyadvertizer/Deny-MachineLearning-Compute-SubnetId.html"
"Policy";"Deny-MachineLearning-Compute-VmSize";"/providers/microsoft.management/managementgroups/alz/providers/microsoft.authorization/policydefinitions/deny-machinelearning-compute-vmsize";"1.0.0";"Mg";"alz";"Deny-MachineLearning-Compute-VmSize";"1.0.0";"upToDate";"True";"Policy Name";"https://www.azadvertizer.net/azpolicyadvertizer/Deny-MachineLearning-Compute-VmSize.html"
"Policy";"Deny-MachineLearning-ComputeCluster-RemoteLoginPortPublicAccess";"/providers/microsoft.management/managementgroups/alz/providers/microsoft.authorization/policydefinitions/deny-machinelearning-computecluster-remoteloginportpublicaccess";"1.1.0";"Mg";"alz";"Deny-MachineLearning-ComputeCluster-RemoteLoginPortPublicAccess";"1.1.0";"upToDate";"True";"Policy Name";"https://www.azadvertizer.net/azpolicyadvertizer/Deny-MachineLearning-ComputeCluster-RemoteLoginPortPublicAccess.html"
"Policy";"Deny-MachineLearning-ComputeCluster-Scale";"/providers/microsoft.management/managementgroups/alz/providers/microsoft.authorization/policydefinitions/deny-machinelearning-computecluster-scale";"1.0.0";"Mg";"alz";"Deny-MachineLearning-ComputeCluster-Scale";"1.0.0";"upToDate";"True";"Policy Name";"https://www.azadvertizer.net/azpolicyadvertizer/Deny-MachineLearning-ComputeCluster-Scale.html"
"Policy";"Deny-MachineLearning-HbiWorkspace";"/providers/microsoft.management/managementgroups/alz/providers/microsoft.authorization/policydefinitions/deny-machinelearning-hbiworkspace";"1.0.0";"Mg";"alz";"Deny-MachineLearning-HbiWorkspace";"1.0.0";"upToDate";"True";"Policy Name";"https://www.azadvertizer.net/azpolicyadvertizer/Deny-MachineLearning-HbiWorkspace.html"
"Policy";"Deny-MachineLearning-PublicAccessWhenBehindVnet";"/providers/microsoft.management/managementgroups/alz/providers/microsoft.authorization/policydefinitions/deny-machinelearning-publicaccesswhenbehindvnet";"1.0.1";"Mg";"alz";"Deny-MachineLearning-PublicAccessWhenBehindVnet";"1.0.1";"upToDate";"True";"Policy Name";"https://www.azadvertizer.net/azpolicyadvertizer/Deny-MachineLearning-PublicAccessWhenBehindVnet.html"
"Policy";"Deny-MachineLearning-PublicNetworkAccess";"/providers/microsoft.management/managementgroups/alz/providers/microsoft.authorization/policydefinitions/deny-machinelearning-publicnetworkaccess";"1.0.0-deprecated";"Mg";"alz";"Deny-MachineLearning-PublicNetworkAccess";"1.0.0-deprecated";"upToDate";"True";"Policy Name";"https://www.azadvertizer.net/azpolicyadvertizer/Deny-MachineLearning-PublicNetworkAccess.html"
"Policy";"Deny-MgmtPorts-From-Internet";"/providers/microsoft.management/managementgroups/alz/providers/microsoft.authorization/policydefinitions/deny-mgmtports-from-internet";"2.2.0";"Mg";"alz";"Deny-MgmtPorts-From-Internet";"2.2.0";"upToDate";"True";"Policy Name";"https://www.azadvertizer.net/azpolicyadvertizer/Deny-MgmtPorts-From-Internet.html"
"Policy";"Deny-MySql-http";"/providers/microsoft.management/managementgroups/alz/providers/microsoft.authorization/policydefinitions/deny-mysql-http";"1.1.0";"Mg";"alz";"Deny-MySql-http";"1.1.0";"upToDate";"True";"Policy Name";"https://www.azadvertizer.net/azpolicyadvertizer/Deny-MySql-http.html"
"Policy";"Deny-PostgreSql-http";"/providers/microsoft.management/managementgroups/alz/providers/microsoft.authorization/policydefinitions/deny-postgresql-http";"1.0.1";"Mg";"alz";"Deny-PostgreSql-http";"1.0.1";"upToDate";"True";"Policy Name";"https://www.azadvertizer.net/azpolicyadvertizer/Deny-PostgreSql-http.html"
"Policy";"Deny-Private-DNS-Zones";"/providers/microsoft.management/managementgroups/alz/providers/microsoft.authorization/policydefinitions/deny-private-dns-zones";"1.0.0";"Mg";"alz";"Deny-Private-DNS-Zones";"1.0.0";"upToDate";"True";"Policy Name";"https://www.azadvertizer.net/azpolicyadvertizer/Deny-Private-DNS-Zones.html"
"Policy";"Deny-PublicEndpoint-MariaDB";"/providers/microsoft.management/managementgroups/alz/providers/microsoft.authorization/policydefinitions/deny-publicendpoint-mariadb";"1.0.0-deprecated";"Mg";"alz";"Deny-PublicEndpoint-MariaDB";"1.0.0-deprecated";"upToDate";"True";"Policy Name";"https://www.azadvertizer.net/azpolicyadvertizer/Deny-PublicEndpoint-MariaDB.html"
"Policy";"Deny-PublicIP";"/providers/microsoft.management/managementgroups/alz/providers/microsoft.authorization/policydefinitions/deny-publicip";"1.0.0-deprecated";"Mg";"alz";"Deny-PublicIP";"1.0.0-deprecated";"upToDate";"True";"Policy Name";"https://www.azadvertizer.net/azpolicyadvertizer/Deny-PublicIP.html"
"PolicySet";"Deny-PublicPaaSEndpoints";"/providers/microsoft.management/managementgroups/alz/providers/microsoft.authorization/policysetdefinitions/deny-publicpaasendpoints";"5.2.0";"Mg";"alz";"Deny-PublicPaaSEndpoints";"5.2.0";"upToDate";"True";"PolicySet Name, MetaData Tag";"https://www.azadvertizer.net/azpolicyinitiativesadvertizer/Deny-PublicPaaSEndpoints.html"
"Policy";"Deny-RDP-From-Internet";"/providers/microsoft.management/managementgroups/alz/providers/microsoft.authorization/policydefinitions/deny-rdp-from-internet";"1.0.1-deprecated";"Mg";"alz";"Deny-RDP-From-Internet";"1.0.1-deprecated";"upToDate";"True";"Policy Name";"https://www.azadvertizer.net/azpolicyadvertizer/Deny-RDP-From-Internet.html"
"Policy";"Deny-Redis-http";"/providers/microsoft.management/managementgroups/alz/providers/microsoft.authorization/policydefinitions/deny-redis-http";"1.1.0";"Mg";"alz";"Deny-Redis-http";"1.1.0";"upToDate";"True";"Policy Name";"https://www.azadvertizer.net/azpolicyadvertizer/Deny-Redis-http.html"
"Policy";"Deny-Service-Endpoints";"/providers/microsoft.management/managementgroups/alz/providers/microsoft.authorization/policydefinitions/deny-service-endpoints";"1.0.0";"Mg";"alz";"Deny-Service-Endpoints";"1.0.0";"upToDate";"True";"Policy Name";"https://www.azadvertizer.net/azpolicyadvertizer/Deny-Service-Endpoints.html"
"Policy";"Deny-Sql-minTLS";"/providers/microsoft.management/managementgroups/alz/providers/microsoft.authorization/policydefinitions/deny-sql-mintls";"1.1.1";"Mg";"alz";"Deny-Sql-minTLS";"1.1.1";"upToDate";"True";"Policy Name";"https://www.azadvertizer.net/azpolicyadvertizer/Deny-Sql-minTLS.html"
"Policy";"Deny-SqlMi-minTLS";"/providers/microsoft.management/managementgroups/alz/providers/microsoft.authorization/policydefinitions/deny-sqlmi-mintls";"1.1.0";"Mg";"alz";"Deny-SqlMi-minTLS";"1.1.0";"upToDate";"True";"Policy Name";"https://www.azadvertizer.net/azpolicyadvertizer/Deny-SqlMi-minTLS.html"
"Policy";"Deny-Storage-ContainerDeleteRetentionPolicy";"/providers/microsoft.management/managementgroups/alz/providers/microsoft.authorization/policydefinitions/deny-storage-containerdeleteretentionpolicy";"1.0.0";"Mg";"alz";"Deny-Storage-ContainerDeleteRetentionPolicy";"1.0.0";"upToDate";"True";"Policy Name";"https://www.azadvertizer.net/azpolicyadvertizer/Deny-Storage-ContainerDeleteRetentionPolicy.html"
"Policy";"Deny-Storage-CopyScope";"/providers/microsoft.management/managementgroups/alz/providers/microsoft.authorization/policydefinitions/deny-storage-copyscope";"1.0.0";"Mg";"alz";"Deny-Storage-CopyScope";"1.0.0";"upToDate";"True";"Policy Name";"https://www.azadvertizer.net/azpolicyadvertizer/Deny-Storage-CopyScope.html"
"Policy";"Deny-Storage-CorsRules";"/providers/microsoft.management/managementgroups/alz/providers/microsoft.authorization/policydefinitions/deny-storage-corsrules";"1.0.0";"Mg";"alz";"Deny-Storage-CorsRules";"1.0.0";"upToDate";"True";"Policy Name";"https://www.azadvertizer.net/azpolicyadvertizer/Deny-Storage-CorsRules.html"
"Policy";"Deny-Storage-LocalUser";"/providers/microsoft.management/managementgroups/alz/providers/microsoft.authorization/policydefinitions/deny-storage-localuser";"1.0.0";"Mg";"alz";"Deny-Storage-LocalUser";"1.0.0";"upToDate";"True";"Policy Name";"https://www.azadvertizer.net/azpolicyadvertizer/Deny-Storage-LocalUser.html"
"Policy";"Deny-Storage-minTLS";"/providers/microsoft.management/managementgroups/alz/providers/microsoft.authorization/policydefinitions/deny-storage-mintls";"1.0.0-deprecated";"Mg";"alz";"Deny-Storage-minTLS";"1.0.0-deprecated";"upToDate";"True";"Policy Name";"https://www.azadvertizer.net/azpolicyadvertizer/Deny-Storage-minTLS.html"
"Policy";"Deny-Storage-NetworkAclsBypass";"/providers/microsoft.management/managementgroups/alz/providers/microsoft.authorization/policydefinitions/deny-storage-networkaclsbypass";"1.0.0";"Mg";"alz";"Deny-Storage-NetworkAclsBypass";"1.0.0";"upToDate";"True";"Policy Name";"https://www.azadvertizer.net/azpolicyadvertizer/Deny-Storage-NetworkAclsBypass.html"
"Policy";"Deny-Storage-NetworkAclsVirtualNetworkRules";"/providers/microsoft.management/managementgroups/alz/providers/microsoft.authorization/policydefinitions/deny-storage-networkaclsvirtualnetworkrules";"1.0.0";"Mg";"alz";"Deny-Storage-NetworkAclsVirtualNetworkRules";"1.0.0";"upToDate";"True";"Policy Name";"https://www.azadvertizer.net/azpolicyadvertizer/Deny-Storage-NetworkAclsVirtualNetworkRules.html"
"Policy";"Deny-Storage-ResourceAccessRulesResourceId";"/providers/microsoft.management/managementgroups/alz/providers/microsoft.authorization/policydefinitions/deny-storage-resourceaccessrulesresourceid";"1.0.0";"Mg";"alz";"Deny-Storage-ResourceAccessRulesResourceId";"1.0.0";"upToDate";"True";"Policy Name";"https://www.azadvertizer.net/azpolicyadvertizer/Deny-Storage-ResourceAccessRulesResourceId.html"
"Policy";"Deny-Storage-ResourceAccessRulesTenantId";"/providers/microsoft.management/managementgroups/alz/providers/microsoft.authorization/policydefinitions/deny-storage-resourceaccessrulestenantid";"1.0.0";"Mg";"alz";"Deny-Storage-ResourceAccessRulesTenantId";"1.0.0";"upToDate";"True";"Policy Name";"https://www.azadvertizer.net/azpolicyadvertizer/Deny-Storage-ResourceAccessRulesTenantId.html"
"Policy";"Deny-Storage-ServicesEncryption";"/providers/microsoft.management/managementgroups/alz/providers/microsoft.authorization/policydefinitions/deny-storage-servicesencryption";"1.0.0";"Mg";"alz";"Deny-Storage-ServicesEncryption";"1.0.0";"upToDate";"True";"Policy Name";"https://www.azadvertizer.net/azpolicyadvertizer/Deny-Storage-ServicesEncryption.html"
"Policy";"Deny-Storage-SFTP";"/providers/microsoft.management/managementgroups/alz/providers/microsoft.authorization/policydefinitions/deny-storage-sftp";"1.0.0";"Mg";"alz";"Deny-Storage-SFTP";"1.0.0";"upToDate";"True";"Policy Name";"https://www.azadvertizer.net/azpolicyadvertizer/Deny-Storage-SFTP.html"
"Policy";"Deny-StorageAccount-CustomDomain";"/providers/microsoft.management/managementgroups/alz/providers/microsoft.authorization/policydefinitions/deny-storageaccount-customdomain";"1.0.0";"Mg";"alz";"Deny-StorageAccount-CustomDomain";"1.0.0";"upToDate";"True";"Policy Name";"https://www.azadvertizer.net/azpolicyadvertizer/Deny-StorageAccount-CustomDomain.html"
"Policy";"Deny-Subnet-Without-Nsg";"/providers/microsoft.management/managementgroups/alz/providers/microsoft.authorization/policydefinitions/deny-subnet-without-nsg";"2.0.0";"Mg";"alz";"Deny-Subnet-Without-Nsg";"2.0.0";"upToDate";"True";"Policy Name";"https://www.azadvertizer.net/azpolicyadvertizer/Deny-Subnet-Without-Nsg.html"
"Policy";"Deny-Subnet-Without-Penp";"/providers/microsoft.management/managementgroups/alz/providers/microsoft.authorization/policydefinitions/deny-subnet-without-penp";"1.0.0";"Mg";"alz";"Deny-Subnet-Without-Penp";"1.0.0";"upToDate";"True";"Policy Name";"https://www.azadvertizer.net/azpolicyadvertizer/Deny-Subnet-Without-Penp.html"
"Policy";"Deny-Subnet-Without-Udr";"/providers/microsoft.management/managementgroups/alz/providers/microsoft.authorization/policydefinitions/deny-subnet-without-udr";"2.0.0";"Mg";"alz";"Deny-Subnet-Without-UDR";"2.0.0";"upToDate";"True";"Policy Name";"https://www.azadvertizer.net/azpolicyadvertizer/Deny-Subnet-Without-UDR.html"
"Policy";"Deny-UDR-With-Specific-NextHop";"/providers/microsoft.management/managementgroups/alz/providers/microsoft.authorization/policydefinitions/deny-udr-with-specific-nexthop";"1.0.0";"Mg";"alz";"Deny-UDR-With-Specific-NextHop";"1.0.0";"upToDate";"True";"Policy Name";"https://www.azadvertizer.net/azpolicyadvertizer/Deny-UDR-With-Specific-NextHop.html"
"Policy";"Deny-VNET-Peer-Cross-Sub";"/providers/microsoft.management/managementgroups/alz/providers/microsoft.authorization/policydefinitions/deny-vnet-peer-cross-sub";"1.1.0";"Mg";"alz";"Deny-VNET-Peer-Cross-Sub";"1.1.0";"upToDate";"True";"Policy Name";"https://www.azadvertizer.net/azpolicyadvertizer/Deny-VNET-Peer-Cross-Sub.html"
"Policy";"Deny-VNet-Peering";"/providers/microsoft.management/managementgroups/alz/providers/microsoft.authorization/policydefinitions/deny-vnet-peering";"1.0.1";"Mg";"alz";"Deny-VNet-Peering";"1.0.1";"upToDate";"True";"Policy Name";"https://www.azadvertizer.net/azpolicyadvertizer/Deny-VNet-Peering.html"
"Policy";"Deny-VNET-Peering-To-Non-Approved-VNETs";"/providers/microsoft.management/managementgroups/alz/providers/microsoft.authorization/policydefinitions/deny-vnet-peering-to-non-approved-vnets";"1.0.0";"Mg";"alz";"Deny-VNET-Peering-To-Non-Approved-VNETs";"1.0.0";"upToDate";"True";"Policy Name";"https://www.azadvertizer.net/azpolicyadvertizer/Deny-VNET-Peering-To-Non-Approved-VNETs.html"
"Policy";"DenyAction-ActivityLogs";"/providers/microsoft.management/managementgroups/alz/providers/microsoft.authorization/policydefinitions/denyaction-activitylogs";"1.0.0";"Mg";"alz";"DenyAction-ActivityLogs";"1.0.0";"upToDate";"True";"Policy Name";"https://www.azadvertizer.net/azpolicyadvertizer/DenyAction-ActivityLogs.html"
"PolicySet";"DenyAction-DeleteProtection";"/providers/microsoft.management/managementgroups/alz/providers/microsoft.authorization/policysetdefinitions/denyaction-deleteprotection";"1.1.0";"Mg";"alz";"DenyAction-DeleteProtection";"1.1.0";"upToDate";"True";"PolicySet Name, MetaData Tag";"https://www.azadvertizer.net/azpolicyinitiativesadvertizer/DenyAction-DeleteProtection.html"
"Policy";"DenyAction-DeleteResources";"/providers/microsoft.management/managementgroups/alz/providers/microsoft.authorization/policydefinitions/denyaction-deleteresources";"1.0.0";"Mg";"alz";"DenyAction-DeleteResources";"1.0.0";"upToDate";"True";"Policy Name";"https://www.azadvertizer.net/azpolicyadvertizer/DenyAction-DeleteResources.html"
"Policy";"DenyAction-DiagnosticLogs";"/providers/microsoft.management/managementgroups/alz/providers/microsoft.authorization/policydefinitions/denyaction-diagnosticlogs";"1.0.0";"Mg";"alz";"DenyAction-DiagnosticLogs";"1.0.0";"upToDate";"True";"Policy Name";"https://www.azadvertizer.net/azpolicyadvertizer/DenyAction-DiagnosticLogs.html"
"Policy";"Deploy-ASC-SecurityContacts";"/providers/microsoft.management/managementgroups/alz/providers/microsoft.authorization/policydefinitions/deploy-asc-securitycontacts";"2.0.0";"Mg";"alz";"Deploy-ASC-SecurityContacts";"3.0.0";"outDated";"True";"Policy Name";"https://www.azadvertizer.net/azpolicyadvertizer/Deploy-ASC-SecurityContacts.html"
"PolicySet";"Deploy-AUM-CheckUpdates";"/providers/microsoft.management/managementgroups/alz/providers/microsoft.authorization/policysetdefinitions/deploy-aum-checkupdates";"1.1.0";"Mg";"alz";"Deploy-AUM-CheckUpdates";"1.1.0";"upToDate";"True";"PolicySet Name, MetaData Tag";"https://www.azadvertizer.net/azpolicyinitiativesadvertizer/Deploy-AUM-CheckUpdates.html"
"Policy";"Deploy-Budget";"/providers/microsoft.management/managementgroups/alz/providers/microsoft.authorization/policydefinitions/deploy-budget";"1.1.0";"Mg";"alz";"Deploy-Budget";"1.1.0";"upToDate";"True";"Policy Name";"https://www.azadvertizer.net/azpolicyadvertizer/Deploy-Budget.html"
"Policy";"Deploy-Custom-Route-Table";"/providers/microsoft.management/managementgroups/alz/providers/microsoft.authorization/policydefinitions/deploy-custom-route-table";"1.0.0";"Mg";"alz";"Deploy-Custom-Route-Table";"1.0.0";"upToDate";"True";"Policy Name";"https://www.azadvertizer.net/azpolicyadvertizer/Deploy-Custom-Route-Table.html"
"Policy";"Deploy-DDoSProtection";"/providers/microsoft.management/managementgroups/alz/providers/microsoft.authorization/policydefinitions/deploy-ddosprotection";"1.0.1";"Mg";"alz";"Deploy-DDoSProtection";"1.0.1";"upToDate";"True";"Policy Name";"https://www.azadvertizer.net/azpolicyadvertizer/Deploy-DDoSProtection.html"
"Policy";"Deploy-Diagnostics-AA";"/providers/microsoft.management/managementgroups/alz/providers/microsoft.authorization/policydefinitions/deploy-diagnostics-aa";"1.1.0-deprecated";"Mg";"alz";"Deploy-Diagnostics-AA";"1.1.0-deprecated";"upToDate";"True";"Policy Name";"https://www.azadvertizer.net/azpolicyadvertizer/Deploy-Diagnostics-AA.html"
"Policy";"Deploy-Diagnostics-ACI";"/providers/microsoft.management/managementgroups/alz/providers/microsoft.authorization/policydefinitions/deploy-diagnostics-aci";"1.1.0-deprecated";"Mg";"alz";"Deploy-Diagnostics-ACI";"1.1.0-deprecated";"upToDate";"True";"Policy Name";"https://www.azadvertizer.net/azpolicyadvertizer/Deploy-Diagnostics-ACI.html"
"Policy";"Deploy-Diagnostics-ACR";"/providers/microsoft.management/managementgroups/alz/providers/microsoft.authorization/policydefinitions/deploy-diagnostics-acr";"1.1.0-deprecated";"Mg";"alz";"Deploy-Diagnostics-ACR";"1.1.0-deprecated";"upToDate";"True";"Policy Name";"https://www.azadvertizer.net/azpolicyadvertizer/Deploy-Diagnostics-ACR.html"
"Policy";"Deploy-Diagnostics-AnalysisService";"/providers/microsoft.management/managementgroups/alz/providers/microsoft.authorization/policydefinitions/deploy-diagnostics-analysisservice";"1.1.0-deprecated";"Mg";"alz";"Deploy-Diagnostics-AnalysisService";"1.1.0-deprecated";"upToDate";"True";"Policy Name";"https://www.azadvertizer.net/azpolicyadvertizer/Deploy-Diagnostics-AnalysisService.html"
"Policy";"Deploy-Diagnostics-ApiForFHIR";"/providers/microsoft.management/managementgroups/alz/providers/microsoft.authorization/policydefinitions/deploy-diagnostics-apiforfhir";"1.1.0-deprecated";"Mg";"alz";"Deploy-Diagnostics-ApiForFHIR";"1.1.0-deprecated";"upToDate";"True";"Policy Name";"https://www.azadvertizer.net/azpolicyadvertizer/Deploy-Diagnostics-ApiForFHIR.html"
"Policy";"Deploy-Diagnostics-APIMgmt";"/providers/microsoft.management/managementgroups/alz/providers/microsoft.authorization/policydefinitions/deploy-diagnostics-apimgmt";"1.2.0-deprecated";"Mg";"alz";"Deploy-Diagnostics-APIMgmt";"1.2.0-deprecated";"upToDate";"True";"Policy Name";"https://www.azadvertizer.net/azpolicyadvertizer/Deploy-Diagnostics-APIMgmt.html"
"Policy";"Deploy-Diagnostics-ApplicationGateway";"/providers/microsoft.management/managementgroups/alz/providers/microsoft.authorization/policydefinitions/deploy-diagnostics-applicationgateway";"1.1.0-deprecated";"Mg";"alz";"Deploy-Diagnostics-ApplicationGateway";"1.1.0-deprecated";"upToDate";"True";"Policy Name";"https://www.azadvertizer.net/azpolicyadvertizer/Deploy-Diagnostics-ApplicationGateway.html"
"Policy";"Deploy-Diagnostics-AVDScalingPlans";"/providers/microsoft.management/managementgroups/alz/providers/microsoft.authorization/policydefinitions/deploy-diagnostics-avdscalingplans";"1.1.0-deprecated";"Mg";"alz";"Deploy-Diagnostics-AVDScalingPlans";"1.1.0-deprecated";"upToDate";"True";"Policy Name";"https://www.azadvertizer.net/azpolicyadvertizer/Deploy-Diagnostics-AVDScalingPlans.html"
"Policy";"Deploy-Diagnostics-Bastion";"/providers/microsoft.management/managementgroups/alz/providers/microsoft.authorization/policydefinitions/deploy-diagnostics-bastion";"1.1.0-deprecated";"Mg";"alz";"Deploy-Diagnostics-Bastion";"1.1.0-deprecated";"upToDate";"True";"Policy Name";"https://www.azadvertizer.net/azpolicyadvertizer/Deploy-Diagnostics-Bastion.html"
"Policy";"Deploy-Diagnostics-CDNEndpoints";"/providers/microsoft.management/managementgroups/alz/providers/microsoft.authorization/policydefinitions/deploy-diagnostics-cdnendpoints";"1.1.0-deprecated";"Mg";"alz";"Deploy-Diagnostics-CDNEndpoints";"1.1.0-deprecated";"upToDate";"True";"Policy Name";"https://www.azadvertizer.net/azpolicyadvertizer/Deploy-Diagnostics-CDNEndpoints.html"
"Policy";"Deploy-Diagnostics-CognitiveServices";"/providers/microsoft.management/managementgroups/alz/providers/microsoft.authorization/policydefinitions/deploy-diagnostics-cognitiveservices";"1.1.0-deprecated";"Mg";"alz";"Deploy-Diagnostics-CognitiveServices";"1.1.0-deprecated";"upToDate";"True";"Policy Name";"https://www.azadvertizer.net/azpolicyadvertizer/Deploy-Diagnostics-CognitiveServices.html"
"Policy";"Deploy-Diagnostics-CosmosDB";"/providers/microsoft.management/managementgroups/alz/providers/microsoft.authorization/policydefinitions/deploy-diagnostics-cosmosdb";"1.2.0-deprecated";"Mg";"alz";"Deploy-Diagnostics-CosmosDB";"1.2.0-deprecated";"upToDate";"True";"Policy Name";"https://www.azadvertizer.net/azpolicyadvertizer/Deploy-Diagnostics-CosmosDB.html"
"Policy";"Deploy-Diagnostics-Databricks";"/providers/microsoft.management/managementgroups/alz/providers/microsoft.authorization/policydefinitions/deploy-diagnostics-databricks";"1.3.0-deprecated";"Mg";"alz";"Deploy-Diagnostics-Databricks";"1.3.0-deprecated";"upToDate";"True";"Policy Name";"https://www.azadvertizer.net/azpolicyadvertizer/Deploy-Diagnostics-Databricks.html"
"Policy";"Deploy-Diagnostics-DataExplorerCluster";"/providers/microsoft.management/managementgroups/alz/providers/microsoft.authorization/policydefinitions/deploy-diagnostics-dataexplorercluster";"1.1.0-deprecated";"Mg";"alz";"Deploy-Diagnostics-DataExplorerCluster";"1.1.0-deprecated";"upToDate";"True";"Policy Name";"https://www.azadvertizer.net/azpolicyadvertizer/Deploy-Diagnostics-DataExplorerCluster.html"
"Policy";"Deploy-Diagnostics-DataFactory";"/providers/microsoft.management/managementgroups/alz/providers/microsoft.authorization/policydefinitions/deploy-diagnostics-datafactory";"1.2.0-deprecated";"Mg";"alz";"Deploy-Diagnostics-DataFactory";"1.2.0-deprecated";"upToDate";"True";"Policy Name";"https://www.azadvertizer.net/azpolicyadvertizer/Deploy-Diagnostics-DataFactory.html"
"Policy";"Deploy-Diagnostics-DLAnalytics";"/providers/microsoft.management/managementgroups/alz/providers/microsoft.authorization/policydefinitions/deploy-diagnostics-dlanalytics";"1.1.0-deprecated";"Mg";"alz";"Deploy-Diagnostics-DLAnalytics";"1.1.0-deprecated";"upToDate";"True";"Policy Name";"https://www.azadvertizer.net/azpolicyadvertizer/Deploy-Diagnostics-DLAnalytics.html"
"Policy";"Deploy-Diagnostics-EventGridSub";"/providers/microsoft.management/managementgroups/alz/providers/microsoft.authorization/policydefinitions/deploy-diagnostics-eventgridsub";"1.1.0-deprecated";"Mg";"alz";"Deploy-Diagnostics-EventGridSub";"1.1.0-deprecated";"upToDate";"True";"Policy Name";"https://www.azadvertizer.net/azpolicyadvertizer/Deploy-Diagnostics-EventGridSub.html"
"Policy";"Deploy-Diagnostics-EventGridSystemTopic";"/providers/microsoft.management/managementgroups/alz/providers/microsoft.authorization/policydefinitions/deploy-diagnostics-eventgridsystemtopic";"1.1.0-deprecated";"Mg";"alz";"Deploy-Diagnostics-EventGridSystemTopic";"1.1.0-deprecated";"upToDate";"True";"Policy Name";"https://www.azadvertizer.net/azpolicyadvertizer/Deploy-Diagnostics-EventGridSystemTopic.html"
"Policy";"Deploy-Diagnostics-EventGridTopic";"/providers/microsoft.management/managementgroups/alz/providers/microsoft.authorization/policydefinitions/deploy-diagnostics-eventgridtopic";"1.2.0-deprecated";"Mg";"alz";"Deploy-Diagnostics-EventGridTopic";"1.2.0-deprecated";"upToDate";"True";"Policy Name";"https://www.azadvertizer.net/azpolicyadvertizer/Deploy-Diagnostics-EventGridTopic.html"
"Policy";"Deploy-Diagnostics-ExpressRoute";"/providers/microsoft.management/managementgroups/alz/providers/microsoft.authorization/policydefinitions/deploy-diagnostics-expressroute";"1.1.0-deprecated";"Mg";"alz";"Deploy-Diagnostics-ExpressRoute";"1.1.0-deprecated";"upToDate";"True";"Policy Name";"https://www.azadvertizer.net/azpolicyadvertizer/Deploy-Diagnostics-ExpressRoute.html"
"Policy";"Deploy-Diagnostics-Firewall";"/providers/microsoft.management/managementgroups/alz/providers/microsoft.authorization/policydefinitions/deploy-diagnostics-firewall";"1.2.0-deprecated";"Mg";"alz";"Deploy-Diagnostics-Firewall";"1.2.0-deprecated";"upToDate";"True";"Policy Name";"https://www.azadvertizer.net/azpolicyadvertizer/Deploy-Diagnostics-Firewall.html"
"Policy";"Deploy-Diagnostics-FrontDoor";"/providers/microsoft.management/managementgroups/alz/providers/microsoft.authorization/policydefinitions/deploy-diagnostics-frontdoor";"1.1.0-deprecated";"Mg";"alz";"Deploy-Diagnostics-FrontDoor";"1.1.0-deprecated";"upToDate";"True";"Policy Name";"https://www.azadvertizer.net/azpolicyadvertizer/Deploy-Diagnostics-FrontDoor.html"
"Policy";"Deploy-Diagnostics-Function";"/providers/microsoft.management/managementgroups/alz/providers/microsoft.authorization/policydefinitions/deploy-diagnostics-function";"1.1.0-deprecated";"Mg";"alz";"Deploy-Diagnostics-Function";"1.1.0-deprecated";"upToDate";"True";"Policy Name";"https://www.azadvertizer.net/azpolicyadvertizer/Deploy-Diagnostics-Function.html"
"Policy";"Deploy-Diagnostics-HDInsight";"/providers/microsoft.management/managementgroups/alz/providers/microsoft.authorization/policydefinitions/deploy-diagnostics-hdinsight";"1.1.0-deprecated";"Mg";"alz";"Deploy-Diagnostics-HDInsight";"1.1.0-deprecated";"upToDate";"True";"Policy Name";"https://www.azadvertizer.net/azpolicyadvertizer/Deploy-Diagnostics-HDInsight.html"
"Policy";"Deploy-Diagnostics-iotHub";"/providers/microsoft.management/managementgroups/alz/providers/microsoft.authorization/policydefinitions/deploy-diagnostics-iothub";"1.1.0-deprecated";"Mg";"alz";"Deploy-Diagnostics-iotHub";"1.1.0-deprecated";"upToDate";"True";"Policy Name";"https://www.azadvertizer.net/azpolicyadvertizer/Deploy-Diagnostics-iotHub.html"
"Policy";"Deploy-Diagnostics-LoadBalancer";"/providers/microsoft.management/managementgroups/alz/providers/microsoft.authorization/policydefinitions/deploy-diagnostics-loadbalancer";"1.1.0-deprecated";"Mg";"alz";"Deploy-Diagnostics-LoadBalancer";"1.1.0-deprecated";"upToDate";"True";"Policy Name";"https://www.azadvertizer.net/azpolicyadvertizer/Deploy-Diagnostics-LoadBalancer.html"
"Policy";"Deploy-Diagnostics-LogAnalytics";"/providers/microsoft.management/managementgroups/alz/providers/microsoft.authorization/policydefinitions/deploy-diagnostics-loganalytics";"1.1.0-deprecated";"Mg";"alz";"Deploy-Diagnostics-LogAnalytics";"1.1.0-deprecated";"upToDate";"True";"Policy Name";"https://www.azadvertizer.net/azpolicyadvertizer/Deploy-Diagnostics-LogAnalytics.html"
"PolicySet";"Deploy-Diagnostics-LogAnalytics";"/providers/microsoft.management/managementgroups/alz/providers/microsoft.authorization/policysetdefinitions/deploy-diagnostics-loganalytics";"2.2.0-deprecated";"Mg";"alz";"Deploy-Diagnostics-LogAnalytics";"2.2.0-deprecated";"upToDate";"True";"PolicySet Name, MetaData Tag";"https://www.azadvertizer.net/azpolicyinitiativesadvertizer/Deploy-Diagnostics-LogAnalytics.html"
"Policy";"Deploy-Diagnostics-LogicAppsISE";"/providers/microsoft.management/managementgroups/alz/providers/microsoft.authorization/policydefinitions/deploy-diagnostics-logicappsise";"1.1.0-deprecated";"Mg";"alz";"Deploy-Diagnostics-LogicAppsISE";"1.1.0-deprecated";"upToDate";"True";"Policy Name";"https://www.azadvertizer.net/azpolicyadvertizer/Deploy-Diagnostics-LogicAppsISE.html"
"Policy";"Deploy-Diagnostics-MariaDB";"/providers/microsoft.management/managementgroups/alz/providers/microsoft.authorization/policydefinitions/deploy-diagnostics-mariadb";"1.1.0-deprecated";"Mg";"alz";"Deploy-Diagnostics-MariaDB";"1.1.0-deprecated";"upToDate";"True";"Policy Name";"https://www.azadvertizer.net/azpolicyadvertizer/Deploy-Diagnostics-MariaDB.html"
"Policy";"Deploy-Diagnostics-MediaService";"/providers/microsoft.management/managementgroups/alz/providers/microsoft.authorization/policydefinitions/deploy-diagnostics-mediaservice";"1.1.0-deprecated";"Mg";"alz";"Deploy-Diagnostics-MediaService";"1.1.0-deprecated";"upToDate";"True";"Policy Name";"https://www.azadvertizer.net/azpolicyadvertizer/Deploy-Diagnostics-MediaService.html"
"Policy";"Deploy-Diagnostics-MlWorkspace";"/providers/microsoft.management/managementgroups/alz/providers/microsoft.authorization/policydefinitions/deploy-diagnostics-mlworkspace";"1.2.0-deprecated";"Mg";"alz";"Deploy-Diagnostics-MlWorkspace";"1.2.0-deprecated";"upToDate";"True";"Policy Name";"https://www.azadvertizer.net/azpolicyadvertizer/Deploy-Diagnostics-MlWorkspace.html"
"Policy";"Deploy-Diagnostics-MySQL";"/providers/microsoft.management/managementgroups/alz/providers/microsoft.authorization/policydefinitions/deploy-diagnostics-mysql";"1.1.0-deprecated";"Mg";"alz";"Deploy-Diagnostics-MySQL";"1.1.0-deprecated";"upToDate";"True";"Policy Name";"https://www.azadvertizer.net/azpolicyadvertizer/Deploy-Diagnostics-MySQL.html"
"Policy";"Deploy-Diagnostics-NetworkSecurityGroups";"/providers/microsoft.management/managementgroups/alz/providers/microsoft.authorization/policydefinitions/deploy-diagnostics-networksecuritygroups";"1.1.0-deprecated";"Mg";"alz";"Deploy-Diagnostics-NetworkSecurityGroups";"1.1.0-deprecated";"upToDate";"True";"Policy Name";"https://www.azadvertizer.net/azpolicyadvertizer/Deploy-Diagnostics-NetworkSecurityGroups.html"
"Policy";"Deploy-Diagnostics-NIC";"/providers/microsoft.management/managementgroups/alz/providers/microsoft.authorization/policydefinitions/deploy-diagnostics-nic";"1.1.0-deprecated";"Mg";"alz";"Deploy-Diagnostics-NIC";"1.1.0-deprecated";"upToDate";"True";"Policy Name";"https://www.azadvertizer.net/azpolicyadvertizer/Deploy-Diagnostics-NIC.html"
"Policy";"Deploy-Diagnostics-PostgreSQL";"/providers/microsoft.management/managementgroups/alz/providers/microsoft.authorization/policydefinitions/deploy-diagnostics-postgresql";"2.0.0-deprecated";"Mg";"alz";"Deploy-Diagnostics-PostgreSQL";"2.0.0-deprecated";"upToDate";"True";"Policy Name";"https://www.azadvertizer.net/azpolicyadvertizer/Deploy-Diagnostics-PostgreSQL.html"
"Policy";"Deploy-Diagnostics-PowerBIEmbedded";"/providers/microsoft.management/managementgroups/alz/providers/microsoft.authorization/policydefinitions/deploy-diagnostics-powerbiembedded";"1.1.0-deprecated";"Mg";"alz";"Deploy-Diagnostics-PowerBIEmbedded";"1.1.0-deprecated";"upToDate";"True";"Policy Name";"https://www.azadvertizer.net/azpolicyadvertizer/Deploy-Diagnostics-PowerBIEmbedded.html"
"Policy";"Deploy-Diagnostics-RedisCache";"/providers/microsoft.management/managementgroups/alz/providers/microsoft.authorization/policydefinitions/deploy-diagnostics-rediscache";"1.1.0-deprecated";"Mg";"alz";"Deploy-Diagnostics-RedisCache";"1.1.0-deprecated";"upToDate";"True";"Policy Name";"https://www.azadvertizer.net/azpolicyadvertizer/Deploy-Diagnostics-RedisCache.html"
"Policy";"Deploy-Diagnostics-Relay";"/providers/microsoft.management/managementgroups/alz/providers/microsoft.authorization/policydefinitions/deploy-diagnostics-relay";"1.1.0-deprecated";"Mg";"alz";"Deploy-Diagnostics-Relay";"1.1.0-deprecated";"upToDate";"True";"Policy Name";"https://www.azadvertizer.net/azpolicyadvertizer/Deploy-Diagnostics-Relay.html"
"Policy";"Deploy-Diagnostics-SignalR";"/providers/microsoft.management/managementgroups/alz/providers/microsoft.authorization/policydefinitions/deploy-diagnostics-signalr";"1.1.0-deprecated";"Mg";"alz";"Deploy-Diagnostics-SignalR";"1.1.0-deprecated";"upToDate";"True";"Policy Name";"https://www.azadvertizer.net/azpolicyadvertizer/Deploy-Diagnostics-SignalR.html"
"Policy";"Deploy-Diagnostics-SQLElasticPools";"/providers/microsoft.management/managementgroups/alz/providers/microsoft.authorization/policydefinitions/deploy-diagnostics-sqlelasticpools";"1.1.0-deprecated";"Mg";"alz";"Deploy-Diagnostics-SQLElasticPools";"1.1.0-deprecated";"upToDate";"True";"Policy Name";"https://www.azadvertizer.net/azpolicyadvertizer/Deploy-Diagnostics-SQLElasticPools.html"
"Policy";"Deploy-Diagnostics-SQLMI";"/providers/microsoft.management/managementgroups/alz/providers/microsoft.authorization/policydefinitions/deploy-diagnostics-sqlmi";"1.1.0-deprecated";"Mg";"alz";"Deploy-Diagnostics-SQLMI";"1.1.0-deprecated";"upToDate";"True";"Policy Name";"https://www.azadvertizer.net/azpolicyadvertizer/Deploy-Diagnostics-SQLMI.html"
"Policy";"Deploy-Diagnostics-TimeSeriesInsights";"/providers/microsoft.management/managementgroups/alz/providers/microsoft.authorization/policydefinitions/deploy-diagnostics-timeseriesinsights";"1.1.0-deprecated";"Mg";"alz";"Deploy-Diagnostics-TimeSeriesInsights";"1.1.0-deprecated";"upToDate";"True";"Policy Name";"https://www.azadvertizer.net/azpolicyadvertizer/Deploy-Diagnostics-TimeSeriesInsights.html"
"Policy";"Deploy-Diagnostics-TrafficManager";"/providers/microsoft.management/managementgroups/alz/providers/microsoft.authorization/policydefinitions/deploy-diagnostics-trafficmanager";"1.1.0-deprecated";"Mg";"alz";"Deploy-Diagnostics-TrafficManager";"1.1.0-deprecated";"upToDate";"True";"Policy Name";"https://www.azadvertizer.net/azpolicyadvertizer/Deploy-Diagnostics-TrafficManager.html"
"Policy";"Deploy-Diagnostics-VirtualNetwork";"/providers/microsoft.management/managementgroups/alz/providers/microsoft.authorization/policydefinitions/deploy-diagnostics-virtualnetwork";"1.1.0-deprecated";"Mg";"alz";"Deploy-Diagnostics-VirtualNetwork";"1.1.0-deprecated";"upToDate";"True";"Policy Name";"https://www.azadvertizer.net/azpolicyadvertizer/Deploy-Diagnostics-VirtualNetwork.html"
"Policy";"Deploy-Diagnostics-VM";"/providers/microsoft.management/managementgroups/alz/providers/microsoft.authorization/policydefinitions/deploy-diagnostics-vm";"1.1.0-deprecated";"Mg";"alz";"Deploy-Diagnostics-VM";"1.1.0-deprecated";"upToDate";"True";"Policy Name";"https://www.azadvertizer.net/azpolicyadvertizer/Deploy-Diagnostics-VM.html"
"Policy";"Deploy-Diagnostics-VMSS";"/providers/microsoft.management/managementgroups/alz/providers/microsoft.authorization/policydefinitions/deploy-diagnostics-vmss";"1.1.0-deprecated";"Mg";"alz";"Deploy-Diagnostics-VMSS";"1.1.0-deprecated";"upToDate";"True";"Policy Name";"https://www.azadvertizer.net/azpolicyadvertizer/Deploy-Diagnostics-VMSS.html"
"Policy";"Deploy-Diagnostics-VNetGW";"/providers/microsoft.management/managementgroups/alz/providers/microsoft.authorization/policydefinitions/deploy-diagnostics-vnetgw";"1.1.1-deprecated";"Mg";"alz";"Deploy-Diagnostics-VNetGW";"1.1.1-deprecated";"upToDate";"True";"Policy Name";"https://www.azadvertizer.net/azpolicyadvertizer/Deploy-Diagnostics-VNetGW.html"
"Policy";"Deploy-Diagnostics-VWanS2SVPNGW";"/providers/microsoft.management/managementgroups/alz/providers/microsoft.authorization/policydefinitions/deploy-diagnostics-vwans2svpngw";"1.0.0-deprecated";"Mg";"alz";"Deploy-Diagnostics-VWanS2SVPNGW";"1.0.0-deprecated";"upToDate";"True";"Policy Name";"https://www.azadvertizer.net/azpolicyadvertizer/Deploy-Diagnostics-VWanS2SVPNGW.html"
"Policy";"Deploy-Diagnostics-WebServerFarm";"/providers/microsoft.management/managementgroups/alz/providers/microsoft.authorization/policydefinitions/deploy-diagnostics-webserverfarm";"1.1.0-deprecated";"Mg";"alz";"Deploy-Diagnostics-WebServerFarm";"1.1.0-deprecated";"upToDate";"True";"Policy Name";"https://www.azadvertizer.net/azpolicyadvertizer/Deploy-Diagnostics-WebServerFarm.html"
"Policy";"Deploy-Diagnostics-Website";"/providers/microsoft.management/managementgroups/alz/providers/microsoft.authorization/policydefinitions/deploy-diagnostics-website";"1.2.0-deprecated";"Mg";"alz";"Deploy-Diagnostics-Website";"1.2.0-deprecated";"upToDate";"True";"Policy Name";"https://www.azadvertizer.net/azpolicyadvertizer/Deploy-Diagnostics-Website.html"
"Policy";"Deploy-Diagnostics-WVDAppGroup";"/providers/microsoft.management/managementgroups/alz/providers/microsoft.authorization/policydefinitions/deploy-diagnostics-wvdappgroup";"1.1.1-deprecated";"Mg";"alz";"Deploy-Diagnostics-WVDAppGroup";"1.1.1-deprecated";"upToDate";"True";"Policy Name";"https://www.azadvertizer.net/azpolicyadvertizer/Deploy-Diagnostics-WVDAppGroup.html"
"Policy";"Deploy-Diagnostics-WVDHostPools";"/providers/microsoft.management/managementgroups/alz/providers/microsoft.authorization/policydefinitions/deploy-diagnostics-wvdhostpools";"1.3.0-deprecated";"Mg";"alz";"Deploy-Diagnostics-WVDHostPools";"1.3.0-deprecated";"upToDate";"True";"Policy Name";"https://www.azadvertizer.net/azpolicyadvertizer/Deploy-Diagnostics-WVDHostPools.html"
"Policy";"Deploy-Diagnostics-WVDWorkspace";"/providers/microsoft.management/managementgroups/alz/providers/microsoft.authorization/policydefinitions/deploy-diagnostics-wvdworkspace";"1.1.1-deprecated";"Mg";"alz";"Deploy-Diagnostics-WVDWorkspace";"1.1.1-deprecated";"upToDate";"True";"Policy Name";"https://www.azadvertizer.net/azpolicyadvertizer/Deploy-Diagnostics-WVDWorkspace.html"
"Policy";"Deploy-FirewallPolicy";"/providers/microsoft.management/managementgroups/alz/providers/microsoft.authorization/policydefinitions/deploy-firewallpolicy";"1.0.0";"Mg";"alz";"Deploy-FirewallPolicy";"1.0.0";"upToDate";"True";"Policy Name";"https://www.azadvertizer.net/azpolicyadvertizer/Deploy-FirewallPolicy.html"
"Policy";"Deploy-LogicApp-TLS";"/providers/microsoft.management/managementgroups/alz/providers/microsoft.authorization/policydefinitions/deploy-logicapp-tls";"1.0.0";"Mg";"alz";"Deploy-LogicApp-TLS";"1.0.0";"upToDate";"True";"Policy Name";"https://www.azadvertizer.net/azpolicyadvertizer/Deploy-LogicApp-TLS.html"
"Policy";"Deploy-MDFC-Arc-SQL-DCR-Association";"/providers/microsoft.management/managementgroups/alz/providers/microsoft.authorization/policydefinitions/deploy-mdfc-arc-sql-dcr-association";"1.0.0-deprecated";"Mg";"alz";"Deploy-MDFC-Arc-SQL-DCR-Association";"1.0.0-deprecated";"upToDate";"True";"Policy Name";"https://www.azadvertizer.net/azpolicyadvertizer/Deploy-MDFC-Arc-SQL-DCR-Association.html"
"Policy";"Deploy-MDFC-Arc-Sql-DefenderSQL-DCR";"/providers/microsoft.management/managementgroups/alz/providers/microsoft.authorization/policydefinitions/deploy-mdfc-arc-sql-defendersql-dcr";"1.0.0-deprecated";"Mg";"alz";"Deploy-MDFC-Arc-Sql-DefenderSQL-DCR";"1.0.0-deprecated";"upToDate";"True";"Policy Name";"https://www.azadvertizer.net/azpolicyadvertizer/Deploy-MDFC-Arc-Sql-DefenderSQL-DCR.html"
"PolicySet";"Deploy-MDFC-Config";"/providers/microsoft.management/managementgroups/alz/providers/microsoft.authorization/policysetdefinitions/deploy-mdfc-config";"7.0.0-deprecated";"Mg";"alz";"Deploy-MDFC-Config";"7.0.0-deprecated";"upToDate";"True";"PolicySet Name, MetaData Tag";"https://www.azadvertizer.net/azpolicyinitiativesadvertizer/Deploy-MDFC-Config.html"
"PolicySet";"Deploy-MDFC-Config_20240319";"/providers/microsoft.management/managementgroups/alz/providers/microsoft.authorization/policysetdefinitions/deploy-mdfc-config_20240319";"2.3.0";"Mg";"alz";"Deploy-MDFC-Config_20240319";"2.4.0";"outDated";"True";"PolicySet Name, MetaData Tag";"https://www.azadvertizer.net/azpolicyinitiativesadvertizer/Deploy-MDFC-Config_20240319.html"
"PolicySet";"Deploy-MDFC-DefenderSQL-AMA";"/providers/microsoft.management/managementgroups/alz/providers/microsoft.authorization/policysetdefinitions/deploy-mdfc-defendersql-ama";"1.0.1-deprecated";"Mg";"alz";"Deploy-MDFC-DefenderSQL-AMA";"1.0.1-deprecated";"upToDate";"True";"PolicySet Name, MetaData Tag";"https://www.azadvertizer.net/azpolicyinitiativesadvertizer/Deploy-MDFC-DefenderSQL-AMA.html"
"Policy";"Deploy-MDFC-SQL-AMA";"/providers/microsoft.management/managementgroups/alz/providers/microsoft.authorization/policydefinitions/deploy-mdfc-sql-ama";"1.0.0-deprecated";"Mg";"alz";"Deploy-MDFC-SQL-AMA";"1.0.0-deprecated";"upToDate";"True";"Policy Name";"https://www.azadvertizer.net/azpolicyadvertizer/Deploy-MDFC-SQL-AMA.html"
"Policy";"Deploy-MDFC-SQL-DefenderSQL";"/providers/microsoft.management/managementgroups/alz/providers/microsoft.authorization/policydefinitions/deploy-mdfc-sql-defendersql";"1.0.0-deprecated";"Mg";"alz";"Deploy-MDFC-SQL-DefenderSQL";"1.0.0-deprecated";"upToDate";"True";"Policy Name";"https://www.azadvertizer.net/azpolicyadvertizer/Deploy-MDFC-SQL-DefenderSQL.html"
"Policy";"Deploy-MDFC-SQL-DefenderSQL-DCR";"/providers/microsoft.management/managementgroups/alz/providers/microsoft.authorization/policydefinitions/deploy-mdfc-sql-defendersql-dcr";"1.0.1-deprecated";"Mg";"alz";"Deploy-MDFC-SQL-DefenderSQL-DCR";"1.0.1-deprecated";"upToDate";"True";"Policy Name";"https://www.azadvertizer.net/azpolicyadvertizer/Deploy-MDFC-SQL-DefenderSQL-DCR.html"
"Policy";"Deploy-MySQL-sslEnforcement";"/providers/microsoft.management/managementgroups/alz/providers/microsoft.authorization/policydefinitions/deploy-mysql-sslenforcement";"1.2.0";"Mg";"alz";"Deploy-MySQL-sslEnforcement";"1.2.0";"upToDate";"True";"Policy Name";"https://www.azadvertizer.net/azpolicyadvertizer/Deploy-MySQL-sslEnforcement.html"
"Policy";"Deploy-Nsg-FlowLogs";"/providers/microsoft.management/managementgroups/alz/providers/microsoft.authorization/policydefinitions/deploy-nsg-flowlogs";"1.0.0-deprecated";"Mg";"alz";"Deploy-Nsg-FlowLogs";"1.0.0-deprecated";"upToDate";"True";"Policy Name";"https://www.azadvertizer.net/azpolicyadvertizer/Deploy-Nsg-FlowLogs.html"
"Policy";"Deploy-Nsg-FlowLogs-to-LA";"/providers/microsoft.management/managementgroups/alz/providers/microsoft.authorization/policydefinitions/deploy-nsg-flowlogs-to-la";"1.1.0-deprecated";"Mg";"alz";"Deploy-Nsg-FlowLogs-to-LA";"1.1.0-deprecated";"upToDate";"True";"Policy Name";"https://www.azadvertizer.net/azpolicyadvertizer/Deploy-Nsg-FlowLogs-to-LA.html"
"Policy";"Deploy-PostgreSQL-sslEnforcement";"/providers/microsoft.management/managementgroups/alz/providers/microsoft.authorization/policydefinitions/deploy-postgresql-sslenforcement";"1.2.0";"Mg";"alz";"Deploy-PostgreSQL-sslEnforcement";"1.2.0";"upToDate";"True";"Policy Name";"https://www.azadvertizer.net/azpolicyadvertizer/Deploy-PostgreSQL-sslEnforcement.html"
"Policy";"Deploy-Private-DNS-Generic";"/providers/microsoft.management/managementgroups/alz/providers/microsoft.authorization/policydefinitions/deploy-private-dns-generic";"2.0.0";"Mg";"alz";"Deploy-Private-DNS-Generic";"2.0.0";"upToDate";"True";"Policy Name";"https://www.azadvertizer.net/azpolicyadvertizer/Deploy-Private-DNS-Generic.html"
"PolicySet";"Deploy-Private-DNS-Zones";"/providers/microsoft.management/managementgroups/alz/providers/microsoft.authorization/policysetdefinitions/deploy-private-dns-zones";"2.4.0";"Mg";"alz";"Deploy-Private-DNS-Zones";"2.4.0";"upToDate";"True";"PolicySet Name, MetaData Tag";"https://www.azadvertizer.net/azpolicyinitiativesadvertizer/Deploy-Private-DNS-Zones.html"
"Policy";"Deploy-Sql-AuditingSettings";"/providers/microsoft.management/managementgroups/alz/providers/microsoft.authorization/policydefinitions/deploy-sql-auditingsettings";"1.0.0";"Mg";"alz";"Deploy-Sql-AuditingSettings";"1.0.0";"upToDate";"True";"Policy Name";"https://www.azadvertizer.net/azpolicyadvertizer/Deploy-Sql-AuditingSettings.html"
"Policy";"Deploy-SQL-minTLS";"/providers/microsoft.management/managementgroups/alz/providers/microsoft.authorization/policydefinitions/deploy-sql-mintls";"1.2.0";"Mg";"alz";"Deploy-SQL-minTLS";"1.2.0";"upToDate";"True";"Policy Name";"https://www.azadvertizer.net/azpolicyadvertizer/Deploy-SQL-minTLS.html"
"PolicySet";"Deploy-Sql-Security";"/providers/microsoft.management/managementgroups/alz/providers/microsoft.authorization/policysetdefinitions/deploy-sql-security";"1.0.0-deprecated";"Mg";"alz";"Deploy-Sql-Security";"1.0.0-deprecated";"upToDate";"True";"PolicySet Name, MetaData Tag";"https://www.azadvertizer.net/azpolicyinitiativesadvertizer/Deploy-Sql-Security.html"
"PolicySet";"Deploy-Sql-Security_20240529";"/providers/microsoft.management/managementgroups/alz/providers/microsoft.authorization/policysetdefinitions/deploy-sql-security_20240529";"1.1.0";"Mg";"alz";"Deploy-Sql-Security_20240529";"1.1.0";"upToDate";"True";"PolicySet Name, MetaData Tag";"https://www.azadvertizer.net/azpolicyinitiativesadvertizer/Deploy-Sql-Security_20240529.html"
"Policy";"Deploy-Sql-SecurityAlertPolicies";"/providers/microsoft.management/managementgroups/alz/providers/microsoft.authorization/policydefinitions/deploy-sql-securityalertpolicies";"1.1.1";"Mg";"alz";"Deploy-Sql-SecurityAlertPolicies";"1.1.1";"upToDate";"True";"Policy Name";"https://www.azadvertizer.net/azpolicyadvertizer/Deploy-Sql-SecurityAlertPolicies.html"
"Policy";"Deploy-Sql-Tde";"/providers/microsoft.management/managementgroups/alz/providers/microsoft.authorization/policydefinitions/deploy-sql-tde";"1.1.1-deprecated";"Mg";"alz";"Deploy-Sql-Tde";"1.1.1-deprecated";"upToDate";"True";"Policy Name";"https://www.azadvertizer.net/azpolicyadvertizer/Deploy-Sql-Tde.html"
"Policy";"Deploy-Sql-vulnerabilityAssessments";"/providers/microsoft.management/managementgroups/alz/providers/microsoft.authorization/policydefinitions/deploy-sql-vulnerabilityassessments";"1.0.1-deprecated";"Mg";"alz";"Deploy-Sql-vulnerabilityAssessments";"1.0.1-deprecated";"upToDate";"True";"Policy Name";"https://www.azadvertizer.net/azpolicyadvertizer/Deploy-Sql-vulnerabilityAssessments.html"
"Policy";"Deploy-Sql-vulnerabilityAssessments_20230706";"/providers/microsoft.management/managementgroups/alz/providers/microsoft.authorization/policydefinitions/deploy-sql-vulnerabilityassessments_20230706";"1.0.0";"Mg";"alz";"Deploy-Sql-vulnerabilityAssessments_20230706";"1.0.0";"upToDate";"True";"Policy Name";"https://www.azadvertizer.net/azpolicyadvertizer/Deploy-Sql-vulnerabilityAssessments_20230706.html"
"Policy";"Deploy-SqlMi-minTLS";"/providers/microsoft.management/managementgroups/alz/providers/microsoft.authorization/policydefinitions/deploy-sqlmi-mintls";"1.3.0";"Mg";"alz";"Deploy-SqlMi-minTLS";"1.3.0";"upToDate";"True";"Policy Name";"https://www.azadvertizer.net/azpolicyadvertizer/Deploy-SqlMi-minTLS.html"
"Policy";"Deploy-Storage-sslEnforcement";"/providers/microsoft.management/managementgroups/alz/providers/microsoft.authorization/policydefinitions/deploy-storage-sslenforcement";"1.3.0";"Mg";"alz";"Deploy-Storage-sslEnforcement";"1.3.0";"upToDate";"True";"Policy Name";"https://www.azadvertizer.net/azpolicyadvertizer/Deploy-Storage-sslEnforcement.html"
"Policy";"Deploy-UserAssignedManagedIdentity-VMInsights";"/providers/microsoft.management/managementgroups/alz/providers/microsoft.authorization/policydefinitions/deploy-userassignedmanagedidentity-vminsights";"1.0.0-deprecated";"Mg";"alz";"Deploy-UserAssignedManagedIdentity-VMInsights";"1.0.0-deprecated";"upToDate";"True";"Policy Name";"https://www.azadvertizer.net/azpolicyadvertizer/Deploy-UserAssignedManagedIdentity-VMInsights.html"
"Policy";"Deploy-Vm-autoShutdown";"/providers/microsoft.management/managementgroups/alz/providers/microsoft.authorization/policydefinitions/deploy-vm-autoshutdown";"1.0.0";"Mg";"alz";"Deploy-Vm-autoShutdown";"1.0.0";"upToDate";"True";"Policy Name";"https://www.azadvertizer.net/azpolicyadvertizer/Deploy-Vm-autoShutdown.html"
"Policy";"Deploy-VNET-HubSpoke";"/providers/microsoft.management/managementgroups/alz/providers/microsoft.authorization/policydefinitions/deploy-vnet-hubspoke";"1.1.0";"Mg";"alz";"Deploy-VNET-HubSpoke";"1.1.0";"upToDate";"True";"Policy Name";"https://www.azadvertizer.net/azpolicyadvertizer/Deploy-VNET-HubSpoke.html"
"Policy";"Deploy-Windows-DomainJoin";"/providers/microsoft.management/managementgroups/alz/providers/microsoft.authorization/policydefinitions/deploy-windows-domainjoin";"1.1.0";"Mg";"alz";"Deploy-Windows-DomainJoin";"1.1.0";"upToDate";"True";"Policy Name";"https://www.azadvertizer.net/azpolicyadvertizer/Deploy-Windows-DomainJoin.html"
"PolicySet";"Enforce-ACSB";"/providers/microsoft.management/managementgroups/alz/providers/microsoft.authorization/policysetdefinitions/enforce-acsb";"1.1.0";"Mg";"alz";"Enforce-ACSB";"1.1.0";"upToDate";"True";"PolicySet Name, MetaData Tag";"https://www.azadvertizer.net/azpolicyinitiativesadvertizer/Enforce-ACSB.html"
"PolicySet";"Enforce-ALZ-Decomm";"/providers/microsoft.management/managementgroups/alz/providers/microsoft.authorization/policysetdefinitions/enforce-alz-decomm";"1.1.0";"Mg";"alz";"Enforce-ALZ-Decomm";"1.1.0";"upToDate";"True";"PolicySet Name, MetaData Tag";"https://www.azadvertizer.net/azpolicyinitiativesadvertizer/Enforce-ALZ-Decomm.html"
"PolicySet";"Enforce-ALZ-Sandbox";"/providers/microsoft.management/managementgroups/alz/providers/microsoft.authorization/policysetdefinitions/enforce-alz-sandbox";"1.1.0";"Mg";"alz";"Enforce-ALZ-Sandbox";"1.1.0";"upToDate";"True";"PolicySet Name, MetaData Tag";"https://www.azadvertizer.net/azpolicyinitiativesadvertizer/Enforce-ALZ-Sandbox.html"
"PolicySet";"Enforce-Backup";"/providers/microsoft.management/managementgroups/alz/providers/microsoft.authorization/policysetdefinitions/enforce-backup";"1.1.0";"Mg";"alz";"Enforce-Backup";"1.1.0";"upToDate";"True";"PolicySet Name, MetaData Tag";"https://www.azadvertizer.net/azpolicyinitiativesadvertizer/Enforce-Backup.html"
"PolicySet";"Enforce-Encryption-CMK_20250218";"/providers/microsoft.management/managementgroups/alz/providers/microsoft.authorization/policysetdefinitions/enforce-encryption-cmk_20250218";"1.1.0";"Mg";"alz";"Enforce-Encryption-CMK_20250218";"1.1.0";"upToDate";"True";"PolicySet Name, MetaData Tag";"https://www.azadvertizer.net/azpolicyinitiativesadvertizer/Enforce-Encryption-CMK_20250218.html"
"PolicySet";"Enforce-EncryptTransit";"/providers/microsoft.management/managementgroups/alz/providers/microsoft.authorization/policysetdefinitions/enforce-encrypttransit";"2.1.0-deprecated";"Mg";"alz";"Enforce-EncryptTransit";"2.1.0-deprecated";"upToDate";"True";"PolicySet Name, MetaData Tag";"https://www.azadvertizer.net/azpolicyinitiativesadvertizer/Enforce-EncryptTransit.html"
"PolicySet";"Enforce-EncryptTransit_20240509";"/providers/microsoft.management/managementgroups/alz/providers/microsoft.authorization/policysetdefinitions/enforce-encrypttransit_20240509";"1.0.0-deprecated";"Mg";"alz";"Enforce-EncryptTransit_20240509";"1.0.0-deprecated";"upToDate";"True";"PolicySet Name, MetaData Tag";"https://www.azadvertizer.net/azpolicyinitiativesadvertizer/Enforce-EncryptTransit_20240509.html"
"PolicySet";"Enforce-EncryptTransit_20241211";"/providers/microsoft.management/managementgroups/alz/providers/microsoft.authorization/policysetdefinitions/enforce-encrypttransit_20241211";"1.2.2";"Mg";"alz";"Enforce-EncryptTransit_20241211";"1.2.2";"upToDate";"True";"PolicySet Name, MetaData Tag";"https://www.azadvertizer.net/azpolicyinitiativesadvertizer/Enforce-EncryptTransit_20241211.html"
"PolicySet";"Enforce-Guardrails-APIM";"/providers/microsoft.management/managementgroups/alz/providers/microsoft.authorization/policysetdefinitions/enforce-guardrails-apim";"1.1.0";"Mg";"alz";"Enforce-Guardrails-APIM";"1.1.0";"upToDate";"True";"PolicySet Name, MetaData Tag";"https://www.azadvertizer.net/azpolicyinitiativesadvertizer/Enforce-Guardrails-APIM.html"
"PolicySet";"Enforce-Guardrails-AppServices";"/providers/microsoft.management/managementgroups/alz/providers/microsoft.authorization/policysetdefinitions/enforce-guardrails-appservices";"1.1.0";"Mg";"alz";"Enforce-Guardrails-AppServices";"1.1.0";"upToDate";"True";"PolicySet Name, MetaData Tag";"https://www.azadvertizer.net/azpolicyinitiativesadvertizer/Enforce-Guardrails-AppServices.html"
"PolicySet";"Enforce-Guardrails-Automation";"/providers/microsoft.management/managementgroups/alz/providers/microsoft.authorization/policysetdefinitions/enforce-guardrails-automation";"1.1.0";"Mg";"alz";"Enforce-Guardrails-Automation";"1.1.0";"upToDate";"True";"PolicySet Name, MetaData Tag";"https://www.azadvertizer.net/azpolicyinitiativesadvertizer/Enforce-Guardrails-Automation.html"
"PolicySet";"Enforce-Guardrails-BotService";"/providers/microsoft.management/managementgroups/alz/providers/microsoft.authorization/policysetdefinitions/enforce-guardrails-botservice";"1.1.0";"Mg";"alz";"Enforce-Guardrails-BotService";"1.1.0";"upToDate";"True";"PolicySet Name, MetaData Tag";"https://www.azadvertizer.net/azpolicyinitiativesadvertizer/Enforce-Guardrails-BotService.html"
"PolicySet";"Enforce-Guardrails-CognitiveServices";"/providers/microsoft.management/managementgroups/alz/providers/microsoft.authorization/policysetdefinitions/enforce-guardrails-cognitiveservices";"1.2.0";"Mg";"alz";"Enforce-Guardrails-CognitiveServices";"1.2.0";"upToDate";"True";"PolicySet Name, MetaData Tag";"https://www.azadvertizer.net/azpolicyinitiativesadvertizer/Enforce-Guardrails-CognitiveServices.html"
"PolicySet";"Enforce-Guardrails-Compute";"/providers/microsoft.management/managementgroups/alz/providers/microsoft.authorization/policysetdefinitions/enforce-guardrails-compute";"1.1.0";"Mg";"alz";"Enforce-Guardrails-Compute";"1.1.0";"upToDate";"True";"PolicySet Name, MetaData Tag";"https://www.azadvertizer.net/azpolicyinitiativesadvertizer/Enforce-Guardrails-Compute.html"
"PolicySet";"Enforce-Guardrails-ContainerApps";"/providers/microsoft.management/managementgroups/alz/providers/microsoft.authorization/policysetdefinitions/enforce-guardrails-containerapps";"1.1.0";"Mg";"alz";"Enforce-Guardrails-ContainerApps";"1.1.0";"upToDate";"True";"PolicySet Name, MetaData Tag";"https://www.azadvertizer.net/azpolicyinitiativesadvertizer/Enforce-Guardrails-ContainerApps.html"
"PolicySet";"Enforce-Guardrails-ContainerInstance";"/providers/microsoft.management/managementgroups/alz/providers/microsoft.authorization/policysetdefinitions/enforce-guardrails-containerinstance";"1.1.0";"Mg";"alz";"Enforce-Guardrails-ContainerInstance";"1.1.0";"upToDate";"True";"PolicySet Name, MetaData Tag";"https://www.azadvertizer.net/azpolicyinitiativesadvertizer/Enforce-Guardrails-ContainerInstance.html"
"PolicySet";"Enforce-Guardrails-ContainerRegistry";"/providers/microsoft.management/managementgroups/alz/providers/microsoft.authorization/policysetdefinitions/enforce-guardrails-containerregistry";"1.1.0";"Mg";"alz";"Enforce-Guardrails-ContainerRegistry";"1.1.0";"upToDate";"True";"PolicySet Name, MetaData Tag";"https://www.azadvertizer.net/azpolicyinitiativesadvertizer/Enforce-Guardrails-ContainerRegistry.html"
"PolicySet";"Enforce-Guardrails-CosmosDb";"/providers/microsoft.management/managementgroups/alz/providers/microsoft.authorization/policysetdefinitions/enforce-guardrails-cosmosdb";"1.1.0";"Mg";"alz";"Enforce-Guardrails-CosmosDb";"1.1.0";"upToDate";"True";"PolicySet Name, MetaData Tag";"https://www.azadvertizer.net/azpolicyinitiativesadvertizer/Enforce-Guardrails-CosmosDb.html"
"PolicySet";"Enforce-Guardrails-DataExplorer";"/providers/microsoft.management/managementgroups/alz/providers/microsoft.authorization/policysetdefinitions/enforce-guardrails-dataexplorer";"1.1.0";"Mg";"alz";"Enforce-Guardrails-DataExplorer";"1.1.0";"upToDate";"True";"PolicySet Name, MetaData Tag";"https://www.azadvertizer.net/azpolicyinitiativesadvertizer/Enforce-Guardrails-DataExplorer.html"
"PolicySet";"Enforce-Guardrails-DataFactory";"/providers/microsoft.management/managementgroups/alz/providers/microsoft.authorization/policysetdefinitions/enforce-guardrails-datafactory";"1.1.0";"Mg";"alz";"Enforce-Guardrails-DataFactory";"1.1.0";"upToDate";"True";"PolicySet Name, MetaData Tag";"https://www.azadvertizer.net/azpolicyinitiativesadvertizer/Enforce-Guardrails-DataFactory.html"
"PolicySet";"Enforce-Guardrails-EventGrid";"/providers/microsoft.management/managementgroups/alz/providers/microsoft.authorization/policysetdefinitions/enforce-guardrails-eventgrid";"1.1.0";"Mg";"alz";"Enforce-Guardrails-EventGrid";"1.1.0";"upToDate";"True";"PolicySet Name, MetaData Tag";"https://www.azadvertizer.net/azpolicyinitiativesadvertizer/Enforce-Guardrails-EventGrid.html"
"PolicySet";"Enforce-Guardrails-EventHub";"/providers/microsoft.management/managementgroups/alz/providers/microsoft.authorization/policysetdefinitions/enforce-guardrails-eventhub";"1.1.0";"Mg";"alz";"Enforce-Guardrails-EventHub";"1.1.0";"upToDate";"True";"PolicySet Name, MetaData Tag";"https://www.azadvertizer.net/azpolicyinitiativesadvertizer/Enforce-Guardrails-EventHub.html"
"PolicySet";"Enforce-Guardrails-KeyVault";"/providers/microsoft.management/managementgroups/alz/providers/microsoft.authorization/policysetdefinitions/enforce-guardrails-keyvault";"2.2.0";"Mg";"alz";"Enforce-Guardrails-KeyVault";"2.3.0";"outDated";"True";"PolicySet Name, MetaData Tag";"https://www.azadvertizer.net/azpolicyinitiativesadvertizer/Enforce-Guardrails-KeyVault.html"
"PolicySet";"Enforce-Guardrails-KeyVault-Sup";"/providers/microsoft.management/managementgroups/alz/providers/microsoft.authorization/policysetdefinitions/enforce-guardrails-keyvault-sup";"1.1.0";"Mg";"alz";"Enforce-Guardrails-KeyVault-Sup";"1.1.0";"upToDate";"True";"PolicySet Name, MetaData Tag";"https://www.azadvertizer.net/azpolicyinitiativesadvertizer/Enforce-Guardrails-KeyVault-Sup.html"
"PolicySet";"Enforce-Guardrails-Kubernetes";"/providers/microsoft.management/managementgroups/alz/providers/microsoft.authorization/policysetdefinitions/enforce-guardrails-kubernetes";"1.2.0";"Mg";"alz";"Enforce-Guardrails-Kubernetes";"2.0.0";"outDated";"True";"PolicySet Name, MetaData Tag";"https://www.azadvertizer.net/azpolicyinitiativesadvertizer/Enforce-Guardrails-Kubernetes.html"
"PolicySet";"Enforce-Guardrails-MachineLearning";"/providers/microsoft.management/managementgroups/alz/providers/microsoft.authorization/policysetdefinitions/enforce-guardrails-machinelearning";"1.2.0";"Mg";"alz";"Enforce-Guardrails-MachineLearning";"1.2.0";"upToDate";"True";"PolicySet Name, MetaData Tag";"https://www.azadvertizer.net/azpolicyinitiativesadvertizer/Enforce-Guardrails-MachineLearning.html"
"PolicySet";"Enforce-Guardrails-MySQL";"/providers/microsoft.management/managementgroups/alz/providers/microsoft.authorization/policysetdefinitions/enforce-guardrails-mysql";"1.1.0";"Mg";"alz";"Enforce-Guardrails-MySQL";"1.1.0";"upToDate";"True";"PolicySet Name, MetaData Tag";"https://www.azadvertizer.net/azpolicyinitiativesadvertizer/Enforce-Guardrails-MySQL.html"
"PolicySet";"Enforce-Guardrails-Network";"/providers/microsoft.management/managementgroups/alz/providers/microsoft.authorization/policysetdefinitions/enforce-guardrails-network";"1.2.0-deprecated";"Mg";"alz";"Enforce-Guardrails-Network";"1.2.0-deprecated";"upToDate";"True";"PolicySet Name, MetaData Tag";"https://www.azadvertizer.net/azpolicyinitiativesadvertizer/Enforce-Guardrails-Network.html"
"PolicySet";"Enforce-Guardrails-Network_20250326";"/providers/microsoft.management/managementgroups/alz/providers/microsoft.authorization/policysetdefinitions/enforce-guardrails-network_20250326";"2.0.0";"Mg";"alz";"Enforce-Guardrails-Network_20250326";"2.0.0";"upToDate";"True";"PolicySet Name, MetaData Tag";"https://www.azadvertizer.net/azpolicyinitiativesadvertizer/Enforce-Guardrails-Network_20250326.html"
"PolicySet";"Enforce-Guardrails-OpenAI";"/providers/microsoft.management/managementgroups/alz/providers/microsoft.authorization/policysetdefinitions/enforce-guardrails-openai";"1.2.0";"Mg";"alz";"Enforce-Guardrails-OpenAI";"1.2.0";"upToDate";"True";"PolicySet Name, MetaData Tag";"https://www.azadvertizer.net/azpolicyinitiativesadvertizer/Enforce-Guardrails-OpenAI.html"
"PolicySet";"Enforce-Guardrails-PostgreSQL";"/providers/microsoft.management/managementgroups/alz/providers/microsoft.authorization/policysetdefinitions/enforce-guardrails-postgresql";"1.1.0";"Mg";"alz";"Enforce-Guardrails-PostgreSQL";"1.1.0";"upToDate";"True";"PolicySet Name, MetaData Tag";"https://www.azadvertizer.net/azpolicyinitiativesadvertizer/Enforce-Guardrails-PostgreSQL.html"
"PolicySet";"Enforce-Guardrails-ServiceBus";"/providers/microsoft.management/managementgroups/alz/providers/microsoft.authorization/policysetdefinitions/enforce-guardrails-servicebus";"1.1.0";"Mg";"alz";"Enforce-Guardrails-ServiceBus";"1.1.0";"upToDate";"True";"PolicySet Name, MetaData Tag";"https://www.azadvertizer.net/azpolicyinitiativesadvertizer/Enforce-Guardrails-ServiceBus.html"
"PolicySet";"Enforce-Guardrails-SQL";"/providers/microsoft.management/managementgroups/alz/providers/microsoft.authorization/policysetdefinitions/enforce-guardrails-sql";"1.1.0";"Mg";"alz";"Enforce-Guardrails-SQL";"2.0.0";"outDated";"True";"PolicySet Name, MetaData Tag";"https://www.azadvertizer.net/azpolicyinitiativesadvertizer/Enforce-Guardrails-SQL.html"
"PolicySet";"Enforce-Guardrails-Storage";"/providers/microsoft.management/managementgroups/alz/providers/microsoft.authorization/policysetdefinitions/enforce-guardrails-storage";"1.1.0";"Mg";"alz";"Enforce-Guardrails-Storage";"1.1.0";"upToDate";"True";"PolicySet Name, MetaData Tag";"https://www.azadvertizer.net/azpolicyinitiativesadvertizer/Enforce-Guardrails-Storage.html"
"PolicySet";"Enforce-Guardrails-Synapse";"/providers/microsoft.management/managementgroups/alz/providers/microsoft.authorization/policysetdefinitions/enforce-guardrails-synapse";"1.2.0";"Mg";"alz";"Enforce-Guardrails-Synapse";"1.2.0";"upToDate";"True";"PolicySet Name, MetaData Tag";"https://www.azadvertizer.net/azpolicyinitiativesadvertizer/Enforce-Guardrails-Synapse.html"
"PolicySet";"Enforce-Guardrails-VirtualDesktop";"/providers/microsoft.management/managementgroups/alz/providers/microsoft.authorization/policysetdefinitions/enforce-guardrails-virtualdesktop";"1.1.0";"Mg";"alz";"Enforce-Guardrails-VirtualDesktop";"1.1.0";"upToDate";"True";"PolicySet Name, MetaData Tag";"https://www.azadvertizer.net/azpolicyinitiativesadvertizer/Enforce-Guardrails-VirtualDesktop.html"
"Policy";"Modify-NSG";"/providers/microsoft.management/managementgroups/alz/providers/microsoft.authorization/policydefinitions/modify-nsg";"1.0.0";"Mg";"alz";"Modify-NSG";"1.0.0";"upToDate";"True";"Policy Name";"https://www.azadvertizer.net/azpolicyadvertizer/Modify-NSG.html"
"Policy";"Modify-UDR";"/providers/microsoft.management/managementgroups/alz/providers/microsoft.authorization/policydefinitions/modify-udr";"1.0.0";"Mg";"alz";"Modify-UDR";"1.0.0";"upToDate";"True";"Policy Name";"https://www.azadvertizer.net/azpolicyadvertizer/Modify-UDR.html"
"Policy";"n/a";"n/a";"n/a";"n/a";"n/a";"Audit-AKS-kubenet";"1.0.0";"";"False";"ALZ GitHub repository";"https://www.azadvertizer.net/azpolicyadvertizer/Audit-AKS-kubenet.html"
"PolicySet";"n/a";"n/a";"n/a";"n/a";"n/a";"Enforce-Encryption-CMK";"3.2.0-deprecated";"";"False";"ALZ GitHub repository";"https://www.azadvertizer.net/azpolicyinitiativesadvertizer/Enforce-Encryption-CMK.html"
